Reac,LB,UB
PGI,-0.1081622459,0.2260424457
PFK,-4.8164260781898E-18,0.2289434382
FBA,-1.13047170882416E-22,0.2285933013
TPI,-3.00198259299593E-22,0.2295225759
